<?xml version="1.0" encoding="utf-8"?>
<!-- このXMLファイルはリネームしないでください。 -->
<!-- それぞれのタグの中に改行文字は入れないでください。 -->

<!DOCTYPE gameinfo>
<gameinfo>
	<!-- このタグは必須です。 -->
	<title>Atsuo君の冒険 3</title>
	<!-- このタグは必須です。 -->
	<creator>Atsuo</creator>
	<!-- このタグは必須です。 -->
	<description>Atsuoくんが敵を倒しながら旅をするゲームです。うんこ</description>
	<!-- このタグは必須です。実行ファイルのパスを入力してください。 -->
	<launch>game.exe</launch>
	<!-- このタグは任意です。デフォルトではちゅーさんの画像になります。 -->
	<icon>icon.png</icon>
	<!-- このタグは任意です。デフォルトは全年齢対象になります。ホラー系等のゲームを作成した際は設定を忘れないようご注意ください。 -->
	<target>3歳以上</target>
</gameinfo>
